{"macro_vars":["INDPRO","UNRATE","FEDFUNDS","GS10","TB3MS","VIXCLS","BAA-AAA"],"by_style":{"INDPRO":{"Value":{"low":0.363068,"mid":0.293515,"high":0.606495},"Momentum":{"low":0.50061,"mid":0.82126,"high":0.443364},"Quality":{"low":0.494945,"mid":0.426755,"high":0.682775},"Investment":{"low":0.492325,"mid":0.454886,"high":0.663306},"Risk":{"low":0.349289,"mid":0.331081,"high":0.185145},"Size":{"low":0.188251,"mid":0.100994,"high":0.758974},"Accruals":{"low":0.242451,"mid":0.41941,"high":0.232178},"Liquidity":{"low":0.210775,"mid":0.266768,"high":0.408793},"Leverage & Financing":{"low":0.392854,"mid":0.612081,"high":0.484696},"Analyst & Sentiment":{"low":0.175503,"mid":0.626245,"high":0.501782},"Intangibles & Innovation":{"low":0.507679,"mid":0.276505,"high":0.350448},"Payout & Ownership":{"low":0.519928,"mid":0.344112,"high":0.291387},"Sales Growth":{"low":0.168486,"mid":0.438886,"high":0.353716},"Other":{"low":0.312238,"mid":0.29314,"high":0.419394}},"UNRATE":{"Value":{"low":0.520598,"mid":0.395261,"high":0.34477},"Momentum":{"low":0.780609,"mid":0.79132,"high":0.340401},"Quality":{"low":0.602743,"mid":0.521476,"high":0.402871},"Investment":{"low":0.599613,"mid":0.62214,"high":0.29064},"Risk":{"low":0.319683,"mid":0.350145,"high":0.338621},"Size":{"low":0.603199,"mid":0.358023,"high":0.113477},"Accruals":{"low":0.260936,"mid":0.399767,"high":0.219072},"Liquidity":{"low":0.283375,"mid":0.368377,"high":0.183447},"Leverage & Financing":{"low":0.617351,"mid":0.565408,"high":0.353709},"Analyst & Sentiment":{"low":0.622783,"mid":0.498981,"high":0.18994},"Intangibles & Innovation":{"low":0.339257,"mid":0.442651,"high":0.32095},"Payout & Ownership":{"low":0.33057,"mid":0.373663,"high":0.509097},"Sales Growth":{"low":0.307928,"mid":0.386895,"high":0.224025},"Other":{"low":0.418128,"mid":0.374816,"high":0.278501}},"FEDFUNDS":{"Value":{"low":0.382757,"mid":0.488365,"high":0.438418},"Momentum":{"low":0.569607,"mid":0.507599,"high":0.885999},"Quality":{"low":0.386266,"mid":0.491814,"high":0.712706},"Investment":{"low":0.512675,"mid":0.538412,"high":0.567736},"Risk":{"low":0.329964,"mid":0.233251,"high":0.442411},"Size":{"low":0.372993,"mid":0.491888,"high":0.425327},"Accruals":{"low":0.210422,"mid":0.282414,"high":0.449982},"Liquidity":{"low":0.170057,"mid":0.244809,"high":0.556232},"Leverage & Financing":{"low":0.434161,"mid":0.541046,"high":0.648298},"Analyst & Sentiment":{"low":0.341924,"mid":0.495972,"high":0.594542},"Intangibles & Innovation":{"low":0.469265,"mid":0.273741,"high":0.369097},"Payout & Ownership":{"low":0.633663,"mid":0.231131,"high":0.408886},"Sales Growth":{"low":0.151091,"mid":0.284781,"high":0.520482},"Other":{"low":0.427643,"mid":0.28067,"high":0.355641}},"GS10":{"Value":{"low":0.224669,"mid":0.608128,"high":0.471942},"Momentum":{"low":0.624907,"mid":0.627131,"high":0.687003},"Quality":{"low":0.641028,"mid":0.415895,"high":0.505048},"Investment":{"low":0.338111,"mid":0.587354,"high":0.699501},"Risk":{"low":0.4737,"mid":0.287118,"high":0.221452},"Size":{"low":-0.088662,"mid":0.630607,"high":0.751806},"Accruals":{"low":0.335317,"mid":0.195267,"high":0.352062},"Liquidity":{"low":0.227819,"mid":0.378629,"high":0.287862},"Leverage & Financing":{"low":0.542658,"mid":0.475589,"high":0.582077},"Analyst & Sentiment":{"low":0.44933,"mid":0.58833,"high":0.368918},"Intangibles & Innovation":{"low":0.303108,"mid":0.321666,"high":0.506065},"Payout & Ownership":{"low":0.471851,"mid":0.339514,"high":0.347528},"Sales Growth":{"low":0.195996,"mid":0.353353,"high":0.392893},"Other":{"low":0.308416,"mid":0.380937,"high":0.394438}},"TB3MS":{"Value":{"low":0.439919,"mid":0.507383,"high":0.324883},"Momentum":{"low":0.471976,"mid":0.568505,"high":0.784359},"Quality":{"low":0.418035,"mid":0.605961,"high":0.580095},"Investment":{"low":0.470607,"mid":0.582157,"high":0.564572},"Risk":{"low":0.318893,"mid":0.223277,"high":0.37646},"Size":{"low":0.429048,"mid":0.448159,"high":0.399494},"Accruals":{"low":0.340127,"mid":0.249545,"high":0.296173},"Liquidity":{"low":0.344049,"mid":0.282984,"high":0.284137},"Leverage & Financing":{"low":0.439562,"mid":0.493396,"high":0.539425},"Analyst & Sentiment":{"low":0.361748,"mid":0.5526,"high":0.466121},"Intangibles & Innovation":{"low":0.480233,"mid":0.246324,"high":0.370684},"Payout & Ownership":{"low":0.570295,"mid":0.241852,"high":0.427417},"Sales Growth":{"low":0.25948,"mid":0.265529,"high":0.421966},"Other":{"low":0.424016,"mid":0.348069,"high":0.301827}},"VIXCLS":{"Value":{"low":0.286739,"mid":0.465173,"high":0.385086},"Momentum":{"low":0.562946,"mid":0.477196,"high":0.457617},"Quality":{"low":0.556798,"mid":0.58859,"high":0.492251},"Investment":{"low":0.291568,"mid":0.598509,"high":0.602073},"Risk":{"low":0.315971,"mid":0.216143,"high":0.411513},"Size":{"low":-0.217543,"mid":0.643264,"high":0.484753},"Accruals":{"low":0.333594,"mid":-0.048997,"high":0.339997},"Liquidity":{"low":0.004008,"mid":0.293791,"high":0.32322},"Leverage & Financing":{"low":0.503201,"mid":0.530286,"high":0.492042},"Analyst & Sentiment":{"low":0.57662,"mid":0.378666,"high":0.338168},"Intangibles & Innovation":{"low":0.385193,"mid":0.177663,"high":0.422815},"Payout & Ownership":{"low":0.307441,"mid":0.418766,"high":0.446432},"Sales Growth":{"low":0.275878,"mid":0.089376,"high":0.144997},"Other":{"low":0.314769,"mid":0.372142,"high":0.298121}},"BAA-AAA":{"Value":{"low":0.472198,"mid":0.568291,"high":0.261947},"Momentum":{"low":0.310769,"mid":0.846356,"high":0.683444},"Quality":{"low":0.112987,"mid":0.757029,"high":0.73873},"Investment":{"low":0.806031,"mid":0.454603,"high":0.312996},"Risk":{"low":0.006077,"mid":0.431902,"high":0.479262},"Size":{"low":1.182525,"mid":0.146285,"high":-0.534475},"Accruals":{"low":0.236787,"mid":0.374132,"high":0.318699},"Liquidity":{"low":0.506562,"mid":0.134252,"high":0.201885},"Leverage & Financing":{"low":0.244165,"mid":0.657932,"high":0.631764},"Analyst & Sentiment":{"low":0.28967,"mid":0.619815,"high":0.415912},"Intangibles & Innovation":{"low":0.702853,"mid":0.203726,"high":0.187724},"Payout & Ownership":{"low":0.349562,"mid":0.260459,"high":0.57529},"Sales Growth":{"low":0.280875,"mid":0.428446,"high":0.250612},"Other":{"low":0.445576,"mid":0.358971,"high":0.227529}}},"by_factor":{"INDPRO":{"SmileSlope":{"low":2.224116,"mid":1.992577,"high":1.956154},"AnnouncementReturn":{"low":1.074765,"mid":3.069383,"high":1.878392},"EarningsStreak":{"low":1.633324,"mid":1.154661,"high":1.81326},"dCPVolSpread":{"low":1.483914,"mid":1.454855,"high":1.871331},"STreversal":{"low":1.571283,"mid":1.082244,"high":1.502631},"TrendFactor":{"low":1.670804,"mid":1.085331,"high":1.647991},"AnalystRevision":{"low":0.784506,"mid":1.673919,"high":1.471707},"ChTax":{"low":0.758808,"mid":1.470568,"high":1.778797},"ChangeInRecommendation":{"low":0.749246,"mid":1.581171,"high":1.338892},"DelFINL":{"low":1.092378,"mid":1.124765,"high":1.241971},"IndRetBig":{"low":0.936045,"mid":1.387212,"high":1.01058},"NetDebtFinance":{"low":1.10923,"mid":1.273443,"high":1.210457},"NumEarnIncrease":{"low":0.628432,"mid":1.087641,"high":1.145049},"EarningsSurprise":{"low":0.976217,"mid":1.083003,"high":1.534958},"RevenueSurprise":{"low":0.723884,"mid":1.464894,"high":1.215844},"dNoa":{"low":1.304695,"mid":0.966021,"high":1.130673},"REV6":{"low":0.807721,"mid":1.330028,"high":1.221189},"InvestPPEInv":{"low":1.173984,"mid":1.016667,"high":1.384798},"ChInv":{"low":0.652642,"mid":1.014942,"high":1.285283},"InvGrowth":{"low":0.555153,"mid":1.023802,"high":1.25523},"retConglomerate":{"low":0.706147,"mid":1.017855,"high":1.100391},"CPVolSpread":{"low":1.626103,"mid":1.015896,"high":0.760788},"ShortInterest":{"low":0.456097,"mid":1.177964,"high":1.017974},"AssetGrowth":{"low":0.893981,"mid":0.759035,"high":0.972498},"ResidualMomentum":{"low":0.725172,"mid":1.429814,"high":0.618671}},"UNRATE":{"SmileSlope":{"low":2.312556,"mid":1.653015,"high":2.332237},"AnnouncementReturn":{"low":2.026372,"mid":2.402516,"high":1.17206},"EarningsStreak":{"low":1.849343,"mid":0.891852,