{"as_of":"2024-12-31","factors":{"AM":{"ret_1m":0.025514,"ret_3m":-0.026158,"ret_6m":0.034196,"ret_12m":0.027178},"AOP":{"ret_1m":0.003699,"ret_3m":-0.032152,"ret_6m":-0.020875,"ret_12m":-0.055838},"AbnormalAccruals":{"ret_1m":0.019707,"ret_3m":0.04057,"ret_6m":-0.097771,"ret_12m":-0.115987},"Accruals":{"ret_1m":0.000723,"ret_3m":-0.01945,"ret_6m":-0.06806,"ret_12m":-0.065251},"Activism1":{"ret_1m":-0.014463,"ret_3m":-0.009952,"ret_6m":0.076541,"ret_12m":-0.019701},"Activism2":{"ret_1m":0.059568,"ret_3m":0.008435,"ret_6m":0.06021,"ret_12m":0.018455},"AdExp":{"ret_1m":0.02528,"ret_3m":-0.109261,"ret_6m":-0.222368,"ret_12m":-0.222203},"AgeIPO":{"ret_1m":-0.056834,"ret_3m":-0.050917,"ret_6m":0.155206,"ret_12m":0.268992},"AnalystRevision":{"ret_1m":0.003034,"ret_3m":0.007394,"ret_6m":0.042577,"ret_12m":0.119804},"AnalystValue":{"ret_1m":-0.023175,"ret_3m":-0.034978,"ret_6m":-0.067934,"ret_12m":-0.131286},"AnnouncementReturn":{"ret_1m":-0.047063,"ret_3m":-0.057988,"ret_6m":0.012649,"ret_12m":-0.060875},"AssetGrowth":{"ret_1m":0.058423,"ret_3m":0.069692,"ret_6m":-0.011038,"ret_12m":-0.070489},"BM":{"ret_1m":0.014521,"ret_3m":-0.013048,"ret_6m":-0.029343,"ret_12m":-0.001621},"BMdec":{"ret_1m":0.023955,"ret_3m":-0.057308,"ret_6m":0.042552,"ret_12m":0.096538},"BPEBM":{"ret_1m":-0.017471,"ret_3m":-0.007628,"ret_6m":-0.018704,"ret_12m":-0.038556},"Beta":{"ret_1m":-0.023407,"ret_3m":0.178962,"ret_6m":0.208198,"ret_12m":0.138671},"BetaFP":{"ret_1m":-0.060027,"ret_3m":0.067648,"ret_6m":0.056531,"ret_12m":-0.068118},"BetaLiquidityPS":{"ret_1m":0.052781,"ret_3m":0.0926,"ret_6m":0.080465,"ret_12m":0.259482},"BetaTailRisk":{"ret_1m":-0.022382,"ret_3m":0.069995,"ret_6m":0.075217,"ret_12m":0.04932},"BidAskSpread":{"ret_1m":0.103028,"ret_3m":0.190558,"ret_6m":0.034057,"ret_12m":-0.135179},"BookLeverage":{"ret_1m":0.047398,"ret_3m":0.030095,"ret_6m":-0.12079,"ret_12m":-0.134742},"BrandInvest":{"ret_1m":0.202051,"ret_3m":0.262408,"ret_6m":-0.065407,"ret_12m":-0.160522},"CBOperProf":{"ret_1m":0.12305,"ret_3m":-0.070477,"ret_6m":-0.123038,"ret_12m":0.042673},"CF":{"ret_1m":-0.089519,"ret_3m":-0.162952,"ret_6m":-0.088715,"ret_12m":0.025843},"CPVolSpread":{"ret_1m":-0.039709,"ret_3m":0.108392,"ret_6m":0.11421,"ret_12m":0.194529},"Cash":{"ret_1m":0.013775,"ret_3m":-0.053177,"ret_6m":-0.065897,"ret_12m":-0.031036},"CashProd":{"ret_1m":0.016019,"ret_3m":0.04847,"ret_6m":0.073233,"ret_12m":-0.02937},"ChAssetTurnover":{"ret_1m":-0.018844,"ret_3m":0.020956,"ret_6m":-0.041378,"ret_12m":-0.029643},"ChEQ":{"ret_1m":0.059107,"ret_3m":0.025033,"ret_6m":-0.056865,"ret_12m":-0.096634},"ChInv":{"ret_1m":0.001176,"ret_3m":0.012605,"ret_6m":0.0012,"ret_12m":-0.042689},"ChInvIA":{"ret_1m":0.00359,"ret_3m":0.027804,"ret_6m":-0.003478,"ret_12m":0.012956},"ChNNCOA":{"ret_1m":-0.01668,"ret_3m":-0.0376,"ret_6m":-0.130324,"ret_12m":-0.123346},"ChNWC":{"ret_1m":0.011571,"ret_3m":-0.023222,"ret_6m":-0.018789,"ret_12m":0.002428},"ChTax":{"ret_1m":0.035248,"ret_3m":0.059654,"ret_6m":0.08927,"ret_12m":0.128471},"ChangeInRecommendation":{"ret_1m":0.011387,"ret_3m":0.076682,"ret_6m":0.089461,"ret_12m":0.082633},"CompEquIss":{"ret_1m":0.015145,"ret_3m":0.002725,"ret_6m":0.033232,"ret_12m":0.154773},"CompositeDebtIssuance":{"ret_1m":-0.019957,"ret_3m":-0.021791,"ret_6m":-0.025621,"ret_12m":0.001481},"CoskewACX":{"ret_1m":0.012338,"ret_3m":0.110776,"ret_6m":0.040655,"ret_12m":0.087591},"Coskewness":{"ret_1m":0.063503,"ret_3m":0.08454,"ret_6m":0.006533,"ret_12m":0.324323},"CustomerMomentum":{"ret_1m":0.044848,"ret_3m":0.152265,"ret_6m":0.167062,"ret_12m":0.201048},"DelBreadth":{"ret_1m":-0.00101,"ret_3m":0.035361,"ret_6m":0.038102,"ret_12m":0.221947},"DelCOA":{"ret_1m":0.031447,"ret_3m":0.0397,"ret_6m":0.057591,"ret_12m":0.04539},"DelCOL":{"ret_1m":-0.028016,"ret_3m":0.001122,"ret_6m":0.068723,"ret_12m":0.015179},"DelDRC":{"ret_1m":-0.011898,"ret_3m":0.074124,"ret_6m":0.107946,"ret_12m":0.167331},"DelEqu":{"ret_1m":0.078697,"ret_3m":0.045232,"ret_6m":-0.107185,"ret_12m":-0.18154},"DelFINL":{"ret_1m":0.014072,"ret_3m":0.084481,"ret_6m":0.111739,"ret_12m":0.167308},"DelLTI":{"ret_1m":0.006724,"ret_3m":0.0289,"ret_6m":0.024604,"ret_12m":0.06775},"DelNetFin":{"ret_1m":-0.003187,"ret_3m":-0.045168,"ret_6m":-0.012387,"ret_12m":-0.011359},"DolVol":{"ret_1m":0.080144,"ret_3m":0.049747,"ret_6m":0.014429,"ret_12m":-0.000255},"EBM":{"ret_1m":0.008559,"ret_3m":-0.019987,"ret_6m":0.029617,"ret_12m":-0.001359},"EP":{"ret_1m":-0.012922,"ret_3m":-0.081519,"ret_6m":-0.119486,"ret_12m":-0.194657},"EarnSupBig":{"ret_1m":0.01627,"ret_3m":0.062944,"ret_6m":0.179457,"ret_12m":0.094208},"EarningsConsistency":{"ret_1m":-0.00649,"ret_3m":0.031274,"ret_6m":0.045393,"ret_12m":0.137205},"EarningsForecastDisparity":{"ret_1m":-0.080585,"ret_3m":-0.055226,"ret_6m":-0.029734,"ret_12m":0.177492},"EarningsStreak":{"ret_1m":0.031237,"ret_3m":0.031128,"ret_6m":0.033221,"ret_12m":0.121318},"EarningsSurprise":{"ret_1m":0.004968,"ret_3m":0.013135,"ret_6m":0.042934,"ret_12m":0.133462},"EntMult":{"ret_1m":-0.006625,"ret_3m":-0.047141,"ret_6m":-0.028434,"ret_12m":-0.071381},"EquityDuration":{"ret_1m":0.015279,"ret_3m":-0.015976,"ret_6m":-0.076836,"ret_12m":0.140676},"ExclExp":{"ret_1m":-0.001572,"ret_3m":-0.003462,"ret_6m":-0.044421,"ret_12m":-0.039006},"FEPS":{"ret_1m":0.009164,"ret_3m":-0.028526,"ret_6m":0.010577,"ret_12m":0.131966},"FR":{"ret_1m":0.004661,"ret_3m":0.034249,"ret_6m":0.044272,"ret_12m":0.052249},"FirmAge":{"ret_1m":0.04478,"ret_3m":0.14659,"ret_6m":0.090074,"ret_12m":0.06506},"FirmAgeMom":{"ret_1m":0.000384,"ret_3m":-0.087563,"ret_6m":-0.075958,"ret_12m":-0.049587},"ForecastDispersion":{"ret_1m":-0.030182,"ret_3m":-0.068962,"ret_6m":-0.028248,"ret_12m":-0.025466},"Frontier":{"ret_1m":0.051247,"ret_3m":-0.025455,"ret_6m":-0.067287,"ret_12m":0.008525},"GP":{"ret_1m":0.049301,"ret_3m":0.124768,"ret_6m":0.090297,"ret_12m":0.198301},"GrAdExp":{"ret_1m":0.008664,"ret_3m":0.07032,"ret_6m":0.090011,"ret_12m":0.145769},"GrLTNOA":{"ret_1m":0.021387,"ret_3m":-0.002511,"ret_6m":-0.010855,"ret_12m":-0.036005},"GrSaleToGrInv":{"ret_1m":-0.015799,"ret_3m":-0.040959,"ret_6m":-0.061072,"ret_12m":-0.066671},"GrSaleToGrOverhead":{"ret_1m":-0.001656,"ret_3m":0.122452,"ret_6m":0.175751,"ret_12m":0.271927},"Herf":{"ret_1m":0.042573,"ret_3m":0.073717,"ret_6m":0.005313,"ret_12m":-0.16844},"HerfAsset":{"ret_1m":0.068453,"ret_3m":0.141027,"ret_6m":0.033519,"ret_12m":-0.111277},"HerfBE":{"ret_1m":0.013568,"ret_3m":0.025165,"ret_6m":-0.011479,"ret_12m":-0.124377},"High52":{"ret_1m":-0.136139,"ret_3m":-0.179282,"ret_6m":-0.100336,"ret_12m":0.103142},"IO_ShortInterest":{"ret_1m":-0.038382,"ret_3m":0.76802,"ret_6m":2.146701,"ret_12m":-1.958126},"IdioVol3F":{"ret_1m":0.029033,"ret_3m":-0.226674,"ret_6m":-0.254513,"ret_12m":-0.13232},"IdioVolAHT":{"ret_1m":0.025183,"ret_3m":-0.06457,"ret_6m":-0.038483,"ret_12m":0.071736},"Illiquidity":{"ret_1m":0.034448,"ret_3m":0.031227,"ret_6m":0.018725,"ret_12m":0.010527},"IndMom":{"ret_1m":-0.039472,"ret_3m":-0.077867,"ret_6m":-0.025503,"ret_12m":-0.062125},"IndRetBig":{"ret_1m":-0.021436,"ret_3m":0.009967,"ret_6m":0.050742,"ret_12m":-0.004882},"IntMom":{"ret_1m":0.009775,"ret_3m":0.132854,"ret_6m":0.063011,"ret_12m":0.984216},"IntanBM":{"ret_1m":0.025011,"ret_3m":-0.055283,"ret_6m":-0.037077,"ret_12m":-0.197923},"IntanCFP":{"ret_1m":0.01288,"ret_3m":-0.007086,"ret_6m":0.021813,"ret_12m":-0.131047},"IntanEP":{"ret_1m":0.002685,"ret_3m":0.035258,"ret_6m":0.102856,"ret_12m":-0.022959},"IntanSP":{"ret_1m":0.031818,"ret_3m":-0.005914,"ret_6m":-0.022426,"ret_12m":-0.064349},"InvGrowth":{"ret_1m":0.013697,"ret_3m":-0.070534,"ret_6m":-0.06721,"ret_12m":-0.017026},"InvestPPEInv":{"ret_1m":0.027752,"ret_3m":0.056975,"ret_6m":0.062395,"ret_12m":0.124616},"Investment":{"ret_1m":0.003753,"ret_3m":0.110104,"ret_6m":0.116055,"ret_12m":0.196932},"LRreversal":{"ret_1m":0.060796,"ret_3m":0.053931,"ret_6m":-0.099178,"ret_12m":-0.251374},"Leverage":{"ret_1m":0.02251,"ret_3m":0.03511,"ret_6m":0.057405,"ret_12m":0.016563},