{"Value":{"years":[1926,1927,1928,1929,1930,1931,1932,1933,1934,1935,1936,1937,1938,1939,1940,1941,1942,1943,1944,1945,1946,1947,1948,1949,1950,1951,1952,1953,1954,1955,1956,1957,1958,1959,1960,1961,1962,1963,1964,1965,1966,1967,1968,1969,1970,1971,1972,1973,1974,1975,1976,1977,1978,1979,1980,1981,1982,1983,1984,1985,1986,1987,1988,1989,1990,1991,1992,1993,1994,1995,1996,1997,1998,1999,2000,2001,2002,2003,2004,2005,2006,2007,2008,2009,2010,2011,2012,2013,2014,2015,2016,2017,2018,2019,2020,2021,2022,2023,2024],"values":[0.007444,0.020171,0.047164,0.015236,-0.080196,0.271851,0.66328,0.611558,0.087998,0.118483,0.091469,0.053402,0.097069,0.265904,-0.033622,-0.008773,0.348834,0.414195,0.019925,-0.129275,0.106836,0.045817,0.006985,-0.009663,0.130133,-0.032354,0.047422,-0.022038,0.098799,-0.008632,-0.024542,-0.00816,0.090826,0.015078,-0.055036,0.066159,0.123961,0.038842,0.067332,0.065238,-0.033452,0.032267,0.200103,-0.041623,0.237065,-0.009273,0.019895,0.035671,0.102632,0.196917,0.19509,0.113746,0.04577,-0.060243,-0.161835,0.250265,0.132652,0.154468,0.211885,0.044153,0.092362,0.05398,0.102176,-0.031559,-0.066071,-0.001417,0.243039,0.156362,0.140194,-0.022777,0.115082,0.139916,-0.042373,-0.09025,0.150946,0.223588,0.314569,0.080354,0.121732,0.080586,0.07277,-0.092863,0.068798,0.144662,0.026588,-0.016944,0.052253,0.076932,0.001834,-0.078363,0.200383,-0.058333,-0.048323,-0.072696,-0.094904,0.413349,0.266277,0.016159,-0.003135]},"Momentum":{"years":[1926,1927,1928,1929,1930,1931,1932,1933,1934,1935,1936,1937,1938,1939,1940,1941,1942,1943,1944,1945,1946,1947,1948,1949,1950,1951,1952,1953,1954,1955,1956,1957,1958,1959,1960,1961,1962,1963,1964,1965,1966,1967,1968,1969,1970,1971,1972,1973,1974,1975,1976,1977,1978,1979,1980,1981,1982,1983,1984,1985,1986,1987,1988,1989,1990,1991,1992,1993,1994,1995,1996,1997,1998,1999,2000,2001,2002,2003,2004,2005,2006,2007,2008,2009,2010,2011,2012,2013,2014,2015,2016,2017,2018,2019,2020,2021,2022,2023,2024],"values":[0.091336,0.211525,0.178108,0.35216,0.117914,0.33957,-0.176045,0.06854,-0.009283,0.157178,0.054653,0.05378,-0.065852,-0.068917,0.106202,0.101753,0.072489,0.242313,-0.000941,0.025214,0.160436,0.113923,0.094247,0.020864,0.099117,0.037214,0.084604,0.130527,0.037202,0.064483,0.125042,0.17476,-0.001585,0.130884,0.147995,0.070163,0.074239,0.152148,0.106507,0.174977,0.139971,0.119871,0.242577,0.151811,0.071152,0.071722,0.161467,0.352494,0.117378,-0.035542,0.0798,0.153291,0.145074,0.151307,0.206902,0.113633,0.326818,0.083628,0.190979,0.198821,0.133075,0.150713,0.016831,0.177178,0.194475,0.117544,0.110215,0.161252,0.109457,0.154632,0.079622,0.188596,0.229741,0.249938,0.437328,-0.081118,0.238577,0.026962,0.065812,0.09986,0.00889,0.177463,0.099204,-0.138472,0.023801,0.103398,0.043774,0.072856,0.026429,0.097304,-0.052243,0.009286,0.057396,-0.029607,0.074572,0.139524,0.208805,0.002286,0.042141]},"Quality":{"years":[1951,1952,1953,1954,1955,1956,1957,1958,1959,1960,1961,1962,1963,1964,1965,1966,1967,1968,1969,1970,1971,1972,1973,1974,1975,1976,1977,1978,1979,1980,1981,1982,1983,1984,1985,1986,1987,1988,1989,1990,1991,1992,1993,1994,1995,1996,1997,1998,1999,2000,2001,2002,2003,2004,2005,2006,2007,2008,2009,2010,2011,2012,2013,2014,2015,2016,2017,2018,2019,2020,2021,2022,2023,2024],"values":[-0.011886,0.009813,0.02743,0.013525,0.021175,-0.019927,0.063278,0.126596,0.095025,0.074571,0.15771,0.048626,0.002601,0.036463,0.038916,0.050187,-0.022703,-0.011822,0.141513,0.086226,0.086777,0.078168,0.008439,0.028176,0.005732,-0.033408,0.028091,0.030517,-0.044055,0.052486,0.086949,0.080528,0.079157,0.168135,0.105104,0.156589,0.132727,0.049983,0.097713,0.18497,0.048623,0.071664,-0.003947,0.157882,0.070099,0.140208,0.128855,0.068013,-0.110968,0.277297,0.088343,0.279685,-0.082772,0.007273,0.067061,0.013536,0.071954,0.147148,-0.033541,-0.031945,0.095932,-0.006569,-0.023154,0.052028,0.070962,0.083784,-0.067642,0.029472,0.003348,-0.118203,0.307721,0.086577,0.064963,0.092611]},"Investment":{"years":[1952,1953,1954,1955,1956,1957,1958,1959,1960,1961,1962,1963,1964,1965,1966,1967,1968,1969,1970,1971,1972,1973,1974,1975,1976,1977,1978,1979,1980,1981,1982,1983,1984,1985,1986,1987,1988,1989,1990,1991,1992,1993,1994,1995,1996,1997,1998,1999,2000,2001,2002,2003,2004,2005,2006,2007,2008,2009,2010,2011,2012,2013,2014,2015,2016,2017,2018,2019,2020,2021,2022,2023,2024],"values":[-0.033665,0.010004,-0.00304,0.031261,0.010113,0.036473,0.024708,0.040873,0.038394,0.021944,0.035545,0.040465,0.026173,-0.020746,-0.022986,0.053618,0.148747,0.044575,0.047177,-0.003408,0.054445,0.06929,0.16334,0.011081,0.112185,0.073255,0.085077,0.022932,-0.017637,0.050215,0.096271,0.142177,0.027469,-0.034485,0.029694,0.088056,0.019315,-0.007746,0.010242,0.075404,0.163477,0.14443,0.089848,0.095191,0.041195,0.019069,0.080592,0.263069,0.133279,0.03894,0.178624,0.214972,0.004756,-0.042254,0.020558,-0.056039,-0.018142,0.072823,0.066194,-0.011267,0.050982,0.053989,-0.018408,-0.022681,0.052793,-0.032547,-0.013381,-0.032198,0.079524,0.071792,0.089543,-0.061242,-0.008273]},"Risk":{"years":[1926,1927,1928,1929,1930,1931,1932,1933,1934,1935,1936,1937,1938,1939,1940,1941,1942,1943,1944,1945,1946,1947,1948,1949,1950,1951,1952,1953,1954,1955,1956,1957,1958,1959,1960,1961,1962,1963,1964,1965,1966,1967,1968,1969,1970,1971,1972,1973,1974,1975,1976,1977,1978,1979,1980,1981,1982,1983,1984,1985,1986,1987,1988,1989,1990,1991,1992,1993,1994,1995,1996,1997,1998,1999,2000,2001,2002,2003,2004,2005,2006,2007,2008,2009,2010,2011,2012,2013,2014,2015,2016,2017,2018,2019,2020,2021,2022,2023,2024],"values":[0.098034,0.058668,-0.057438,0.287548,0.115663,0.181347,0.001675,-0.062709,-0.053248,0.007887,-0.000505,0.083214,0.116736,0.057094,0.116091,0.03187,-0.108178,-0.120944,-0.015527,-0.017247,0.042068,0.068533,0.037322,0.002602,0.028934,0.040993,0.066872,0.042621,0.038466,0.078282,0.008415,0.066908,-0.037983,-0.015863,0.033961,0.030363,0.085548,0.070453,0.088521,-0.076239,-0.004182,-0.145611,-0.043463,0.163115,0.182402,0.037516,0.107876,0.150063,0.0105,0.005757,-0.022758,-0.045297,0.001124,-0.052936,0.014925,0.137339,0.129626,0.068548,0.110955,0.101755,0.109252,0.095198,0.074417,0.109273,0.25047,-0.026141,0.00862,-0.038433,0.127584,0.0461,0.102666,0.145834,0.128851,-0.136686,0.267021,0.199863,0.143032,-0.122356,-0.001782,0.024864,0.025053,0.072646,0.209841,-0.087518,-0.013016,0.148953,-0.017229,-0.033715,0.052777,0.081347,0.027597,0.016481,0.047911,0.02497,-0.051205,0.059669,0.203106,0.066216,0.035934]},"Size":{"years":[1926,1927,1928,1929,1930,1931,1932,1933,1934,1935,1936,1937,1938,1939,1940,1941,1942,1943,1944,1945,1946,1947,1948,1949,1950,1951,1952,1953,1954,1955,1956,1957,1958,1959,1960,1961,1962,1963,1964,1965,1966,1967,1968,1969,1970,1971,1972,1973,1974,1975,1976,1977,1978,1979,1980,1981,1982,1983,1984,1985,1986,1987,1988,1989,1990,1991,1992,1993,1994,1995,1996,1997,1998,1999,2000,2001,2002,2003,2004,2005,2006,2007,2008,2009,2010,2011,2012,2013,2014,2015,2016,2017,2018,2019,2020,2021,2022,2023,2024],"values":[-0.048353,-0.028683,0.07415,-0.266517,-0.067869,0.089126,0.354281,0.703603,0.22164,0.210496,0.271099,-0.157115,-0.016706,0.112675,-0.033221,0.009076,0.22543,0.473307,0.192231,0.155222,-0.04111,-0.02153,-0.056078,0.014051,0.108328,-0.058812,-0.041025,-0.041262,0.065851,0.007002,-0.04093,-0.048591,0.113534,0.042915,-0.058117,0.027691,-0.00784,-0.016949,0.038555,0.15087,0.010347,0.54354,0.313053,-0.179724,-0.131291,0.01959,-0.07103,-0.165835,0.029531,0.153953,0.109528,0.210487,0.188382,0.046704,0.104101,-0.031716,0.018221,0.17585,-0.151807,-0.115084,-0.049826,-0.034677,-0.057679,-0.085975,-0.082853,0.106001,0.195096,0.189473,-0.017314,0.005222,0.021248,-0.051452,-0.108335,0.186229,-0.029694,0.235593,0.218951,0.371517,0.055317,-0.054217,0.022231,-0.112985,-0.170174,0.196541,0.000104,-0.152995,0.009704,0.051344,-0.071835,-0.069343,-0.01569,-0.041476,-0.112645,-0.092106,0.282397,0.061587,-0.174494,-0.168621,-0.048388]},